English,German
i,ich
the,Die
to,Zu
it,Es
and,Und
that,Das
of,von
is,Ist
in,In
what,Was
we,Wir
me,Mich
this,Das
he,Er
for,für
my,Mein
on,An
have,haben
your,dein
do,Tun
was,War
no,NEIN
not,nicht
be,Sei
are,Sind
don't,nicht
know,wissen
can,dürfen
with,mit
but,Aber
all,alle
so,Also
just,Nur
there,Dort
here,Hier
they,Sie
like,wie
get,erhalten
she,sie
go,gehen
if,Wenn
right,Rechts
out,aus
about,um
up,hoch
at,bei
him,ihn
now,Jetzt
oh,Oh
one,eins
come,kommen
well,Also
her,ihr
how,Wie
yeah,Ja
will,Wille
got,bekommen
want,wollen
think,denken
as,als
see,sehen
did,tat
good,Gut
who,WHO
why,Warum
from,aus
let,lassen
his,sein
yes,Ja
when,Wann
going,gehen
time,Zeit
an,ein
okay,Okay
back,zurück
look,sehen
us,uns
would,würde
them,ihnen
where,Wo
were,war
take,nehmen
then,Dann
had,hatte
or,oder
been,gewesen
our,unser
gonna,wird
tell,erzählen
really,Wirklich
man,Mann
some,manche
say,sagen
hey,Hey
could,könnte
by,von
need,brauchen
something,etwas
has,hat
too,zu
more,mehr
way,Weg
down,runter
make,machen
very,sehr
never,niemals
only,nur
people,Menschen
over,über
because,Weil
little,wenig
please,Bitte
love,Liebe
should,sollen
mean,bedeuten
said,sagte
sorry,Entschuldigung
give,geben
off,aus
am,Bin
thank,Dank
any,beliebig
two,zwei
even,sogar
much,viel
doing,tun
sure,Sicher
thing,Ding
these,diese
help,helfen
first,Erste
into,hinein
anything,irgendetwas
still,Trotzdem
find,finden
life,Leben
nothing,Nichts
sir,Herr
day,Tag
god,Gott
work,arbeiten
their,ihre
uh,äh
again,wieder
maybe,Vielleicht
must,muss
before,Vor
other,andere
wait,Warten
stop,stoppen
call,Anruf
after,nach
won,gewonnen
talk,sprechen
away,weg
than,als
thought,Gedanke
home,heim
night,Nacht
put,setzen
great,Großartig
those,diese
last,zuletzt
better,besser
everything,alles
told,erzählt
mr.,Herr.
new,neu
things,Dinge
always,stets
keep,halten
long,lang
years,Jahre
leave,verlassen
does,tut
money,Geld
around,um
doesn,tut
name,Name
place,Ort
ever,immer
feel,fühlen
guys,Jungs
father,Vater
guy,Kerl
made,gemacht
old,alt
isn,istn
which,welche
big,groß
lot,viel
done,Erledigt
hello,Hallo
nice,Hübsch
believe,glauben
girl,Mädchen
someone,jemand
fine,Bußgeld
thanks,Danke
wanted,gesucht
kind,Art
coming,Kommen
house,Haus
every,jeden
ok,OK
through,durch
being,Sein
course,Kurs
stay,bleiben
left,links
dad,Papa
enough,genug
happened,passiert
came,kam
may,Mai
mother,Mutter
wrong,falsch
world,Welt
bad,schlecht
might,könnte
three,drei
today,Heute
listen,Hören
another,ein anderer
understand,verstehen
hear,hören
remember,erinnern
ask,fragen
own,eigen
same,Dasselbe
show,zeigen
else,anders
kill,töten
talking,reden
found,gefunden
next,nächste
getting,bekommen
care,Pflege
car,Auto
looking,suchen
son,Sohn
try,versuchen
woman,Frau
went,ging
hi,Hi
dead,tot
many,viele
mind,Geist
wasn,war
friend,Freund
best,am besten
mom,Mama
hell,Hölle
morning,Morgen
trying,versuchen
boy,Junge
together,zusammen
yourself,selbst
job,Arbeit
saw,gesehen
family,Familie
real,real
without,ohne
baby,Baby
room,Zimmer
wouldn,würde
already,bereits
move,bewegen
most,am meisten
seen,gesehen
live,live
miss,vermissen
actually,Genau genommen
huh,huh
shit,Scheisse
both,beide
heard,gehört
once,einmal
ready,bereit
head,Kopf
called,angerufen
used,gebraucht
idea,Idee
knew,wusste
hold,halten
happy,Glücklich
door,Tür
such,solch
fuck,Scheiße
brother,Bruder
also,Auch
pretty,hübsch
bit,bisschen
took,nahm
haven,Oase
yet,noch
men,Männer
whole,ganz
start,Start
use,verwenden
while,während
since,seit
wife,Gattin
days,Tage
guess,erraten
tomorrow,morgen
matter,Gegenstand
meet,treffen
bring,bringen
tonight,heute Abend
everyone,alle
run,laufen
wanna,will
hard,hart
ah,Ah
alone,allein
myself,ich selbst
school,Schule
gone,gegangen
um,Äh
end,Ende
saying,Sprichwort
phone,Telefon
play,spielen
looks,sieht aus
couldn,konnte
fucking,Ficken
problem,Problem
few,wenige
friends,Freunde
gotta,muss
ago,vor
open,offen
anyone,irgendjemand
killed,getötet
hope,Hoffnung
face,Gesicht
until,bis
lost,verloren
police,Polizei
excuse,Entschuldigung
turn,drehen
business,Geschäft
case,Fall
wants,will
says,sagt
TRUE,WAHR
die,sterben
heart,Herz
soon,bald
each,jede
worry,Sorge
later,später
year,Jahr
watch,betrachten
music,Musik
hand,Hand
having,haben
probably,wahrscheinlich
beautiful,Schön
doctor,Arzt
sit,sitzen
eat,essen
thinking,Denken
young,jung
second,zweite
working,Arbeiten
water,Wasser
person,Person
part,Teil
kids,Kinder
late,spät
stuff,Sachen
exactly,genau
under,unter
death,Tod
minute,Minute
pay,zahlen
crazy,verrückt
forget,vergessen
everybody,alle
kid,Kind
change,ändern
gave,gab
happen,passieren
damn,Verdammt
five,fünf
drink,trinken
far,weit
knows,weiß
its,es ist
whatever,was auch immer
eyes,Augen
shut,schließen
aren,aren
hit,Schlag
taking,nehmen
easy,einfach
times,mal
check,überprüfen
hands,Hände
minutes,Protokoll
deal,handeln
different,anders
means,bedeutet
point,Punkt
inside,innen
makes,macht
asked,fragte
somebody,jemand
mine,meins
making,Herstellung
body,Körper
afraid,besorgt
sleep,schlafen
chance,Chance
dear,Liebling
quite,ganz
four,vier
anyway,Trotzdem
close,schließen
ain,ain
party,Party
fun,Spaß
against,gegen
word,Wort
comes,kommt
important,wichtig
set,Satz
shall,soll
story,Geschichte
number,Nummer
daughter,Tochter
least,am wenigsten
waiting,warten
hurt,verletzt
wish,Wunsch
moment,Moment
fight,kämpfen
week,Woche
husband,Ehemann
girls,Mädchen
rest,ausruhen
married,verheiratet
fire,Feuer
game,Spiel
nobody,niemand
mr,Herr
children,Kinder
side,Seite
stand,Stand
read,lesen
though,obwohl
cut,schneiden
started,gestartet
sister,Schwester
supposed,angeblich
between,zwischen
child,Kind
goes,geht
hours,Std.
speak,sprechen
women,Frauen
behind,hinter
almost,fast
truth,Wahrheit
blood,Blut
able,fähig
lady,Dame
anymore,mehr
playing,spielen
gets,bekommt
shot,Schuss
reason,Grund
trouble,Problem
break,brechen
war,Krieg
city,Stadt
walk,gehen
town,Stadt
trust,Vertrauen
dr.,DR.
met,getroffen
office,Büro
question,Frage
brought,gebracht
yours,dein
welcome,Willkommen
high,hoch
wow,Wow
couple,Paar
half,Hälfte
died,gestorben
cool,Cool
free,frei
either,entweder
seems,scheint
power,Leistung
whoa,Wow
bye,Tschüss
buy,kaufen
telling,erzählen
honey,Honig
tried,versucht
front,Vorderseite
team,Team
answer,Antwort
gun,Pistole
boys,Jungen
line,Linie
send,schicken
news,Nachricht
stupid,dumm
bed,Bett
hurry,beeil dich
full,voll
months,Monate
save,speichern
sometimes,Manchmal
become,werden
along,entlang
hate,hassen
food,Essen
outside,draußen
light,Licht
l,l
needs,Bedürfnisse
dog,Hund
country,Land
clear,klar
order,Befehl
em,em
fact,Tatsache
lord,Herr
captain,Kapitän
six,sechs
hot,heiß
funny,lustig
black,Schwarz
mrs.,Frau.
alive,lebendig
pick,wählen
feeling,Gefühl
living,Leben
cause,Ursache
ahead,voraus
lose,verlieren
king,König
plan,planen
dinner,Abendessen
sighs,seufzt
sort,Sortieren
leaving,Verlassen
shouldn,sollte nicht
running,läuft
boss,Chef
alright,In Ordnung
promise,versprechen
taken,genommen
safe,sicher
ma,ma
book,Buch
sent,gesendet
white,Weiß
hour,Stunde
anybody,irgendjemand
small,klein
perfect,perfekt
cause,Ursache
lives,Leben
special,besonders
parents,Eltern
s,S
john,John
himself,sich selbst
perhaps,vielleicht
sounds,Geräusche
serious,ernst
sick,krank
company,Unternehmen
ha,Ha
scared,verängstigt
uncle,Onkel
poor,arm
red,Rot
past,Vergangenheit
earth,Erde
possible,möglich
shoot,schießen
touch,berühren
sound,Klang
top,Spitze
ass,Arsch
laughs,lacht
cannot,kann nicht
asking,fragen
win,gewinnen
glad,froh
control,Kontrolle
hmm,Hmm
human,menschlich
drive,fahren
hair,Haar
jack,Jack
bitch,Hündin
luck,Glück
murder,Mord
happens,das passiert
air,Luft
ten,zehn
daddy,Vati
finally,Endlich
chuckles,kichert
fast,schnell
cold,kalt
seem,erscheinen
laughing,Lachen
words,Wörter
hospital,Krankenhaus
street,Straße
hang,aufhängen
dance,tanzen
meeting,treffen
till,bis
others,Andere
catch,fangen
follow,folgen
sense,Sinn
sex,Sex
lie,Lüge
evening,Abend
master,Meister
known,bekannt
dream,Traum
write,schreiben
million,Million
voice,Stimme
sweet,süß
rather,eher
felt,gefühlt
sign,Zeichen
lucky,glücklich
somewhere,irgendwo
bet,Wette
o,Ö
jesus,Jesus
longer,länger
calling,Berufung
worked,hat funktioniert
quiet,ruhig
looked,sah
less,weniger
pull,ziehen
beat,schlagen
careful,vorsichtig
coffee,Kaffee
return,zurückkehren
secret,Geheimnis
weeks,Wochen
weren,waren
date,Datum
seeing,Sehen
fall,fallen
given,gegeben
ooh,Oh
fault,Fehler
straight,gerade
takes,dauert
song,Lied
future,Zukunft
gentlemen,Herren
loved,geliebt
changed,geändert
road,Straße
calm,ruhig
wonderful,wunderbar
mad,verrückt
turned,gedreht
drop,fallen
ladies,Damen
learn,lernen
step,Schritt
absolutely,absolut
early,früh
explain,erklären
clean,sauber
piece,Stück
yesterday,gestern
throw,werfen
picture,Bild
land,Land
feet,Füße
wonder,Wunder
questions,Fragen
speaking,Apropos
worth,Wert
darling,Schatz
dude,Alter
giving,Geben
president,Präsident
eye,Auge
quick,schnell
moving,ziehen um
figure,Figur
state,Zustand
strong,stark
sam,Sam
none,keiner
amazing,toll
ones,Einsen
works,funktioniert
act,Akt
needed,erforderlich
weird,seltsam
law,Gesetz
worried,besorgt
report,Bericht
goodbye,Verabschiedung
missing,fehlen
choice,Auswahl
happening,Ereignis
chief,Chef
wedding,Hochzeit
strange,seltsam
general,allgemein
pain,Schmerz
am,Bin
kidding,scherzhaft
decided,entschieden
ya,Ja
pass,passieren
tired,müde
class,Klasse
officer,Offizier
kept,gehalten
wake,aufwachen
worse,schlechter
busy,beschäftigt
eh,äh
mistake,Fehler
kiss,Kuss
court,Gericht
building,Gebäude
finish,beenden
during,während
age,Alter
ship,Schiff
caught,erwischt
marry,heiraten
meant,gemeint
sell,verkaufen
dark,dunkel
watching,Aufpassen
system,System
suppose,vermuten
evidence,Beweis
movie,Film
ride,Fahrt
t,T
completely,vollständig
mouth,Mund
totally,total
birthday,Geburtstag
tv,Fernseher
forgive,verzeihen
born,geboren
imagine,vorstellen
information,Information
instead,stattdessen
definitely,definitiv
security,Sicherheit
certainly,sicherlich
film,Film
month,Monat
lying,liegen
unless,es sei denn
train,Zug
seven,Sieben
wear,tragen
clothes,Kleidung
michael,Michael
hotel,Hotel
christmas,Weihnachten
attack,Attacke
hasn,hasn
round,runden
expect,erwarten
sing,singen
terrible,schrecklich
george,George
bag,Tasche
history,Geschichte
blue,Blau
near,nahe
broke,Pleite
station,Bahnhof
seriously,ernsthaft
forever,für immer
david,David
frank,frank
except,außer
thinks,denkt
message,Nachricht
entire,gesamte
joe,Joe
table,Tisch
talked,geredet
across,über
rock,Felsen
lovely,schön
handle,handhaben
middle,Mitte
buddy,Kumpel
paid,bezahlt
protect,schützen
using,verwenden
floor,Boden
ran,rannte
swear,schwören
spend,ausgeben
situation,Situation
ring,Ring
anywhere,überall
dangerous,gefährlich
bill,Rechnung
york,York
army,Armee
lead,führen
bought,gekauft
finished,fertig
fair,gerecht
sun,Sonne
letter,Brief
fool,Narr
attention,Aufmerksamkeit
club,Verein
simple,einfach
interesting,interessant
space,Raum
test,prüfen
box,Kasten
group,Gruppe
single,einzel
sitting,Sitzung
marriage,Hochzeit
join,verbinden
fear,Furcht
d,D
peace,Frieden
forgot,vergessen
force,Gewalt
short,kurz
normal,normal
charlie,Charlie
present,gegenwärtig
enjoy,genießen
mike,Mike
crime,Verbrechen
horse,Pferd
ground,Boden
american,amerikanisch
count,zählen
area,Bereich
charge,Aufladung
honor,Ehre
lunch,Mittagessen
miles,Meilen
radio,Radio
idiot,Idiot
ball,Ball
surprise,Überraschung
paper,Papier
key,Schlüssel
boat,Boot
quickly,schnell
gold,Gold
bar,Bar
fish,Fisch
mark,markieren
tom,tom
wearing,tragen
crying,Weinen
accident,Unfall
government,Regierung
eight,acht
fell,fällen
cover,Abdeckung
certain,bestimmt
interested,interessiert
deep,tief
star,Stern
sea,Meer
agree,zustimmen
problems,Probleme
detective,Detektiv
prison,Gefängnis
major,wesentlich
stick,Stock
offer,Angebot
difficult,schwierig
smart,schlau
personal,persönlich
record,aufzeichnen
stopped,gestoppt
hide,verstecken
whether,ob
bank,Bank
trip,Reise
relax,entspannen
america,Amerika
public,öffentlich
list,Liste
afternoon,Nachmittag
brain,Gehirn
fix,Fix
bastard,Bastard
proud,stolz
tea,Tee
service,Service
screaming,schreiend
forward,nach vorne
angry,wütend
park,Park
soul,Seele
fighting,Kampf
peter,Peter
rich,reich
agent,Agent
blow,Schlag
paul,Paul
dress,Kleid
mary,Maria
missed,verpasst
scene,Szene
killing,Tötung
standing,Stehen
saved,Gerettet
mm,mm
respect,respektieren
killer,Mörder
ice,Eis
mess,Durcheinander
tough,hart
feels,fühlt sich
church,Kirche
sad,traurig
cell,Zelle
drunk,betrunken
share,Aktie
camera,Kamera
mm-hmm,mm-hmm
within,innerhalb
card,Karte
fly,Fliege
ben,Ben
girlfriend,Freundin
laugh,lachen
smell,Geruch
broken,gebrochen
mum,Mama
honest,ehrlich
often,oft
starting,beginnend
calls,Anrufe
y,j
spent,ausgegeben
third,dritte
english,Englisch
visit,besuchen
mama,Mutter
judge,Richter
window,Fenster
hungry,hungrig
dare,Wagen
relationship,Beziehung
moved,gerührt
prove,beweisen
private,Privat
wall,Wand
seat,Sitz
i-i,ich-ich
position,Position
lieutenant,Leutnant
realize,realisieren
lt,lt
especially,besonders
machine,Maschine
walking,gehen
art,Kunst
pleasure,Vergnügen
bloody,blutig
college,Hochschule
french,französisch
involved,beteiligt
cry,weinen
became,wurde
lived,lebte
impossible,unmöglich
obviously,offensichtlich
neither,weder
accept,akzeptieren
boyfriend,Freund
besides,außerdem
queen,Königin
teacher,Lehrer
cops,Polizisten
sake,willen
loves,liebt
carry,tragen
teach,unterrichten
apartment,Wohnung
upset,verärgern
green,Grün
la,la
liked,gefallen
cute,Niedlich
evil,teuflisch
professor,Professor
contact,Kontakt
joke,Witz
cop,Polizist
huge,riesig
holy,heilig
store,speichern
jail,Gefängnis
likes,Likes
lawyer,Rechtsanwalt
doubt,zweifeln
continue,weitermachen
appreciate,anerkennen
cat,Katze
shop,Geschäft
driving,Fahren
congratulations,Glückwunsch
wrote,schrieb
village,Dorf
quit,aufhören
field,Feld
james,James
wine,Wein
decision,Entscheidung
south,Süd
sleeping,Schlafen
slow,langsam
laughter,Lachen
island,Insel
glass,Glas
beginning,Anfang
cash,Kasse
dying,sterben
hundred,hundert
whose,wessen
difference,Unterschied
plane,Flugzeug
push,drücken
continues,geht weiter
mmm,mmm
singing,Singen
eating,Essen
north,Norden
mrs,Frau
tree,Baum
madam,gnädige Frau
gift,Geschenk
truck,LKW
putting,Putten
bear,tragen
board,Planke
grab,greifen
beer,Bier
stuck,gesteckt
magic,Magie
support,Unterstützung
rules,Regeln
grunts,grunzt
partner,Partner
reach,erreichen
wind,Wind
colonel,Oberst
max,max
immediately,sofort
seconds,Sekunden
thousand,tausend
gives,gibt
experience,Erfahrung
cheers,Prost
victim,Opfer
upon,auf
computer,Computer
christ,Christus
planet,Planet
promised,versprochen
bus,Bus
henry,Henry
dirty,schmutzig
search,suchen
staying,bleiben
dreams,Träume
arrest,Festnahme
holding,halten
suddenly,plötzlich
usually,normalerweise
lots,viele
shoes,Schuhe
er,ähm
jump,springen
rid,loswerden
yo,jo
knock,klopfen
owe,verdanken
harry,Harry
grow,wachsen
worst,am schlimmsten
river,Fluss
aunt,Tante
patient,geduldig
kitchen,Küche
aah,aah
fat,fett
passed,bestanden
m,M
final,Finale
summer,Sommer
bob,Bob
listening,Hören
escape,Flucht
everywhere,überall
moon,Mond
arms,Waffen
turns,wendet sich
address,Adresse
ow,Autsch
match,übereinstimmen
gasps,schnappt nach Luft
grand,großartig
yep,ja
shh,Pssst
nervous,nervös
de,de
choose,wählen
themselves,sich
decide,entscheiden
mate,Kumpel
drinking,Trinken
press,Drücken Sie
bother,sich kümmern
foot,Fuß
hadn,hatte
blame,beschuldigen
crap,Mist
drugs,Drogen
type,Typ
rings,Ringe
mission,Mission
named,genannt
heaven,Himmel
ii,ii
picked,gepflückt
paris,Paris
race,Wettrennen
risk,Risiko
books,Bücher
further,weiter
danny,Danny
action,Aktion
allowed,erlaubt
orders,Aufträge
learned,gelernt
price,Preis
arrived,angekommen
nick,Nick
otherwise,ansonsten
pictures,Bilder
fit,fit
smoke,Rauch
favor,favorisieren
played,gespielt
notice,beachten
awesome,Eindrucksvoll
smile,lächeln
director,Direktor
guard,bewachen
begin,beginnen
spot,Stelle
surprised,überrascht
innocent,unschuldig
narrator,Erzähler
herself,Sie selber
london,London
feelings,Gefühle
enemy,Feind
battle,Schlacht
ourselves,uns selbst
alex,Alex
dollars,Dollar
allow,erlauben
nine,neun
gay,Fröhlich
department,Abteilung
guilty,schuldig
apart,auseinander
earlier,früher
duty,Pflicht
jim,Jim
suit,Anzug
bell,Glocke
west,Westen
legs,Beine
hero,Held
destroy,zerstören
stage,Bühne
bunch,Bündel
according,nach
chicken,Huhn
bigger,größer
grunting,grunzend
low,niedrig
helping,Portion
admit,zugeben
closed,geschlossen
names,Namen
witness,Zeuge
upstairs,nach oben
arm,Arm
steal,stehlen
jimmy,Jimmy
kick,trete
twice,zweimal
cross,kreuzen
ways,Wege
sergeant,Sergeant
indeed,In der Tat
gas,Gas
keeping,behalten
energy,Energie
pregnant,schwanger
waste,Abfall
helped,hat geholfen
fired,gefeuert
favorite,Favorit
tony,Tony
taste,schmecken
locked,gesperrt
places,setzt
writing,Schreiben
adam,Adam
brothers,Brüder
starts,beginnt
prince,Prinz
form,bilden
sold,verkauft
silly,dumm
mention,erwähnen
build,bauen
throat,Kehle
hole,Loch
figured,dachte
track,Schiene
ringing,Klingeln
lock,sperren
leg,Bein
above,über
hiding,verstecken
steve,Steve
seemed,schien
breakfast,Frühstück
engine,Motor
written,geschrieben
complete,vollständig
video,Video
applause,Beifall
however,Jedoch
pressure,Druck
fresh,frisch
weapon,Waffe
sky,Himmel
ms.,MS.
stole,Stahl
study,Studie
burn,brennen
reading,Lektüre
crowd,Menge
treat,behandeln
roll,rollen
double,doppelt
spirit,Geist
danger,Gefahr
cost,kosten
empty,leer
level,Ebene
memory,Erinnerung
itself,selbst
acting,Schauspielkunst
interest,Interesse
nose,Nase
plans,Pläne
following,folgende
bathroom,Badezimmer
built,gebaut
closer,näher
ray,Strahl
sarah,Sarah
band,Band
groans,stöhnt
apparently,scheinbar
excited,aufgeregt
richard,Richard
losing,verlieren
animals,Tiere
flight,Flug
nature,Natur
raise,erheben
pop,Pop
client,Klient
bomb,Bombe
neck,Nacken
suspect,verdächtig
warm,warm
extra,extra
bottle,Flasche
van,Transporter
heavy,schwer
mommy,Mama
dogs,Hunde
wild,wild
ridiculous,lächerlich
simply,einfach
lee,Lee
animal,Tier
showed,zeigte
billy,Billy
shooting,Schießen
keeps,hält
camp,Lager
guns,Waffen
medical,medizinisch
shame,Scham
hoping,hoffen
whom,dem
bird,Vogel
majesty,Majestät
flowers,Blumen
famous,berühmt
asleep,schlafend
beauty,Schönheit
driver,Treiber
keys,Schlüssel
rain,Regen
awful,schrecklich
large,groß
local,lokal
deserve,verdienen
goddamn,gottverdammt
stone,Stein
jane,Jane
grace,Anmut
consider,halten
weekend,Wochenende
wondering,frage mich
lay,legen
plenty,eine Menge
willing,bereit
pants,Hose
sweetheart,Schatz
skin,Haut
excellent,exzellent
asshole,Arschloch
beach,Strand
c,C
faith,Glaube
beg,bitten
fuckin,Verdammt
responsible,verantwortlich
military,Militär
cheering,Jubel
opportunity,Gelegenheit
common,gemeinsam
bottom,unten
german,Deutsch
whoever,wer auch immer
cook,kochen
walked,ging
papers,Papiere
justice,Gerechtigkeit
hall,Saal
commander,Kommandant
drug,Arzneimittel
main,hauptsächlich
knife,Messer
devil,Teufel
necessary,notwendig
although,Obwohl
princess,Prinzessin
lights,Beleuchtung
flying,fliegend
dick,Schwanz
rose,Rose
knowing,wissend
clearly,deutlich
hat,Hut
agreed,vereinbart
johnny,Johnny
corner,Ecke
code,Code
note,Notiz
tommy,Tommy
due,fällig
correct,richtig
apologize,sich entschuldigen
language,Sprache
stars,Sterne
faster,Schneller
cars,Autos
folks,Leute
bullshit,Blödsinn
i.,ich.
fellow,Gefährte
several,mehrere
grandma,Oma
shows,zeigt an
leader,Führer
leaves,Blätter
restaurant,Restaurant
east,Ost
shouting,schreien
blind,blind
ghost,Geist
cup,Tasse
gotten,bekommen
tight,eng
conversation,Gespräch
tells,erzählt
lies,Lügen
nor,noch
pulled,gezogen
hanging,hängend
speed,Geschwindigkeit
stories,Geschichten
health,Gesundheit
advice,Beratung
held,gehaltenen
uh-huh,Uh-huh
murdered,ermordet
beyond,darüber hinaus
rule,Regel
hardly,kaum
possibly,möglicherweise
inspector,Inspektor
cousin,Cousin
trial,Versuch
emergency,Notfall
ought,sollte
eddie,Eddie
somehow,irgendwie
hearing,Hören
states,Zustände
account,Konto
spoke,gesprochen
file,Datei
understood,verstanden
angel,Engel
tape,Band
milk,Milch
powerful,mächtig
weapons,Waffen
practice,üben
manager,Manager
pardon,Begnadigung
vote,Abstimmung
jake,jake
national,National
career,Karriere
minister,Minister
super,super
taught,gelehrt
robert,Robert
biggest,größte
plays,Theaterstücke
natural,natürlich
dancing,Tanzen
copy,Kopieren
plus,Plus
martin,Martin
cake,Kuchen
freedom,Freiheit
among,unter
breath,Atem
operation,Betrieb
chris,Chris
crew,Besatzung
challenge,Herausforderung
market,Markt
meat,Fleisch
towards,in Richtung
bringing,bringen
dropped,fallen gelassen
student,Student
lied,gelogen
strength,Stärke
size,Größe
breathe,atmen
color,Farbe
monster,Monster
loud,laut
photo,Foto
aw,Ach
nearly,fast
sight,Sicht
greatest,größte
games,Spiele
bridge,Brücke
dressed,angezogen
arrested,verhaftet
horrible,schrecklich
coach,Trainer
planning,Planung
checked,überprüft
breaking,brechen
noticed,bemerkte
fantastic,fantastisch
screams,Geschrei
serve,Aufschlag
ideas,Ideen
investigation,Untersuchung
center,Center
older,älter
pack,Pack
soldiers,Soldaten
nonsense,Unsinn
doc,Dok
project,Projekt
training,Ausbildung
example,Beispiel
trick,Trick
prepared,vorbereitet
science,Wissenschaft
united,vereinigt
travel,reisen
incredible,unglaublich
grandpa,Opa
paying,zahlen
character,Charakter
teeth,Zähne
criminal,kriminell
charles,Charles
chinese,Chinesisch
truly,wirklich
honestly,Ehrlich
bro,Bruder
survive,überleben
bobby,Bobby
target,Ziel
feed,füttern
nurse,Krankenschwester
e,e
fake,gefälscht
records,Aufzeichnungen
breathing,Atmung
sweetie,Schätzchen
numbers,Zahlen
oil,Öl
suicide,Selbstmord
belong,gehören
whoo,Whoo
perfectly,perfekt
amy,Amy
forgotten,Vergessene
remain,bleiben
original,Original
papa,Papa
onto,auf zu
concerned,betroffen
credit,Kredit
ugh,Pfui
invited,eingeladen
discuss,diskutieren
research,Forschung
easier,Einfacher
view,Sicht
chair,Stuhl
hurts,tut weh
strike,schlagen
roger,Roger
fill,füllen
condition,Zustand
mountain,Berg
dr,DR
nowhere,nirgends
sheriff,Sheriff
kim,Kim
turning,drehen
brown,braun
recognize,erkenne
heads,Köpfe
audience,Publikum
all,alle
jealous,eifersüchtig
pretend,vorgeben
society,Gesellschaft
finding,finden
shirt,Hemd
comfortable,komfortabel
meaning,Bedeutung
guest,Gast
pieces,Stücke
dry,trocken
letting,vermieten
began,begann
aye,Ja
jeff,jeff
female,weiblich
release,freigeben
ho,ho
cards,Karten
pray,beten
unfortunately,Leider
balls,Bälle
destroyed,zerstört
ended,beendet
universe,Universum
prepare,vorbereiten
opinion,Meinung
movies,Filme
soldier,Soldat
wash,waschen
program,Programm
heat,Hitze
usual,üblich
ticket,Fahrkarte
stolen,gestohlen
prefer,bevorzugen
aware,bewusst
surely,sicherlich
male,männlich
base,Base
matters,Angelegenheiten
lift,Aufzug
lab,Labor
command,Befehl
proof,nachweisen
cream,Creme
selling,Verkauf
believed,geglaubt
create,erstellen
h,H
afford,leisten
sunday,Sonntag
total,gesamt
dumb,dumm
threw,warf
france,Frankreich
birth,Geburt
created,erstellt
realized,erkannte
british,britisch
noise,Lärm
nuts,Nüsse
students,Studenten
birds,Vögel
social,Sozial
brilliant,brillant
bodies,Körper
tie,binden
opened,geöffnet
ours,unsere
bucks,Dollar
kevin,Kevin
mister,Herr
ugly,hässlich
ryan,Ryan
focus,Fokus
dan,Dan
opens,öffnet
exist,existieren
followed,gefolgt
england,England
draw,ziehen
purpose,Zweck
letters,Briefe
daniel,Daniel
opening,Öffnung
bullet,Kugel
anna,Anna
lately,in letzter Zeit
stayed,blieb
falling,fallen
season,Jahreszeit
ends,endet
suggest,vorschlagen
joy,Freude
distance,Distanz
responsibility,Verantwortung
whenever,wann immer
issue,Ausgabe
thousands,Tausende
process,Verfahren
sword,Schwert
shower,Dusche
weak,schwach
fucked,gefickt
lonely,einsam
happiness,Glück
eric,Eric
tiny,winzig
desk,Schreibtisch
pool,Schwimmbad
property,Eigentum
forced,gezwungen
settle,siedeln
indistinct,undeutlich
weight,Gewicht
received,erhalten
gang,Gang
bite,beißen
friday,Freitag
disappeared,verschwunden
interview,Interview
expecting,erwarten
kinda,irgendwie
surgery,Operation
horses,Pferde
mayor,Bürgermeister
babe,Baby
ancient,uralt
handsome,gutaussehend
thomas,Thomas
saturday,Samstag
staff,Personal
lines,Linien
unit,Einheit
fan,Lüfter
gentleman,Gentleman
introduce,einführen
fate,Schicksal
split,Teilt
recently,kürzlich
expected,erwartet
add,hinzufügen
ordered,bestellt
slowly,langsam
alarm,Alarm
member,Mitglied
slept,habe geschlafen
signed,unterzeichnet
enter,eingeben
spanish,Spanisch
garden,Garten
brings,bringt
brave,mutig
pig,Schwein
model,Modell
finger,Finger
medicine,Medizin
access,Zugang
failed,fehlgeschlagen
flat,Wohnung
easily,leicht
discovered,entdeckt
based,basierend
screw,schrauben
insane,verrückt
cares,kümmert sich
weather,Wetter
fingers,Finger
san,san
scott,Scott
path,Weg
soft,weich
harm,Schaden
style,Stil
community,Gemeinschaft
sees,sieht
basically,grundsätzlich
al,al
signal,Signal
nope,Nein
spare,Ersatzteil
speech,Rede
covered,bedeckt
shake,Shake
loose,lose
snow,Schnee
russian,Russisch
lake,See
bright,hell
roof,Dach
ohh,ohh
sending,Senden
paint,malen
remind,erinnern
pal,Kumpel
naked,nackt
post,Post
sugar,Zucker
heading,Überschrift
streets,Straßen
damage,Schaden
silence,Schweigen
doors,Türen
pete,pete
ed,Hrsg
success,Erfolg
wet,nass
nah,Nein
amount,Menge
members,Mitglieder
kate,Kate
manage,verwalten
safety,Sicherheit
returned,ist zurückgekommen
harder,Schwerer
fbi,fbi
block,Block
showing,zeigen
fancy,schick
chef,Koch
contract,Vertrag
dig,graben
chest,Brust
good-bye,Verabschiedung
drinks,Getränke
dave,Dave
buried,begraben
brian,Brian
trade,Handel
journey,Reise
stomach,Magen
changes,Änderungen
details,Einzelheiten
thoughts,Gedanken
divorce,Scheidung
funeral,Beerdigung
maria,Maria
football,Fußball
reality,Wirklichkeit
theory,Theorie
gosh,Meine Güte
ruined,ruiniert
gate,Tor
william,Wilhelm
spread,verbreiten
outta,raus
japanese,japanisch
sudden,plötzlich
coat,Mantel
sooner,früher
cheese,Käse
larry,Larry
spring,Frühling
page,Seite
ears,Ohren
simon,Simon
castle,Schloss
hidden,versteckt
storm,Sturm
cos,cos
personally,persönlich
artist,Künstler
hill,hügel
exciting,spannend
permission,Erlaubnis
jerry,Jerry
expensive,teuer
tickets,Tickets
forest,Wald
barely,kaum
eggs,Eier
goin,hineingehen
regret,Reue
lesson,Lektion
lover,Liebhaber
bread,brot
andy,Andy
subject,Thema
legal,legal
growing,wachsend
ill,krank
jason,Jason
mood,Stimmung
owner,Eigentümer
caused,verursacht
beeping,piept
points,Punkte
dating,Dating
loss,Verlust
secretary,Sekretär
revenge,Rache
santa,Weihnachtsmann
likely,wahrscheinlich
rent,mieten
connection,Verbindung
assistant,Assistent
reasons,Gründe dafür
yelling,Geschrei
painting,Malerei
trees,Bäume
doctors,Ärzte
rush,eilen
foreign,ausländisch
rough,rauh
murderer,Mörder
century,Jahrhundert
nights,Nächte
pair,Paar
runs,läuft
pocket,Tasche
farm,Bauernhof
matt,matt
bike,Fahrrad
obvious,offensichtlich
ate,aß
grew,wuchs
professional,Fachmann
tim,Tim
goodness,Güte
parts,Teile
alan,Alan
university,Universität
square,Quadrat
grandfather,Großvater
europe,Europa
genius,Genius
cases,Fälle
ruin,Ruine
winter,Winter
tongue,Zunge
memories,Erinnerungen
da,da
buying,Kauf
cancer,Krebs
clock,Uhr
ocean,Ozean
dna,DNA
liar,Lügner
tour,Tour
thief,Dieb
bleep,piep
lisa,Lisa
rights,Rechte
including,einschließlich
competition,Wettbewerb
smith,Schmied
planned,geplant
emily,Emily
boring,langweilig
victims,die Opfer
mentioned,erwähnt
bones,Knochen
plant,Anlage
bless,segnen
warning,Warnung
knocking,Klopfen
re,Re
crash,Absturz
bedroom,Schlafzimmer
lower,untere
silver,Silber
groaning,Stöhnen
madame,Madame
defense,Verteidigung
results,Ergebnisse
toilet,Toilette
event,Ereignis
complicated,kompliziert
shape,Form
priest,Priester
royal,königlich
cheap,billig
romantic,romantisch
downstairs,unten
invite,einladen
fortune,Vermögen
tears,Tränen
avoid,vermeiden
reached,erreicht
higher,höher
familiar,vertraut
telephone,Telefon
burning,Verbrennung
filled,gefüllt
kelly,Kelly
alice,Alice
airport,Flughafen
jobs,Arbeitsplätze
grown,gewachsen
walter,Walter
rachel,Rachel
giant,Riese
insurance,Versicherung
woods,Wald
n,N
scare,Schrecken
pleased,erfreut
period,Zeitraum
political,politisch
player,Spieler
stops,stoppt
secrets,Geheimnisse
laura,Laura
repeat,wiederholen
photos,Fotos
finds,findet
statement,Stellungnahme
suck,saugen
younger,jünger
china,China
humans,Menschen
delicious,lecker
particular,besondere
proper,richtig
rome,Rom
belongs,gehört
attacked,angegriffen
bath,Bad
hired,gemietet
site,Website
knowledge,Wissen
b,B
led,LED
guests,Gäste
celebrate,feiern
map,Karte
horn,Horn
eventually,letztlich
pity,Mitleid
powers,Befugnisse
ashamed,beschämt
assume,annehmen
glasses,Gläser
rise,erheben
fixed,Fest
request,Anfrage
officers,Offiziere
pounds,Pfund
data,Daten
carefully,sorgfältig
per,pro
depends,kommt darauf an
jury,Jury
waited,gewartet
positive,positiv
attorney,Rechtsanwalt
direction,Richtung
families,Familien
clock,Uhr
doin,tun
forces,Kräfte
location,Standort
walls,Wände
useless,nutzlos
grant,gewähren
saving,sparen
speaks,spricht
fought,gekämpft
meal,Mahlzeit
deliver,liefern
answers,Antworten
changing,Ändern
temple,Tempel
scary,beängstigend
millions,Millionen
offered,angeboten
regular,regulär
carrying,Tragen
official,offiziell
jacket,Jacke
switch,schalten
grave,Grab
chase,Verfolgungsjagd
role,Rolle
odd,seltsam
sexy,sexy
faces,Gesichter
becomes,wird
closes,schließt
badly,schlecht
tall,groß
confused,verwirrt
affair,Affäre
television,Fernsehen
shock,Schock
raised,erzogen
panting,keuchend
pizza,Pizza
image,Bild
clears,klärt
golden,golden
patients,Patienten
watched,schaute
committed,engagiert
sexual,sexuell
suffer,leiden
arthur,Arthur
wherever,wo auch immer
plate,Platte
appear,erscheinen
chocolate,Schokolade
clever,clever
hm,Hm
mercy,Barmherzigkeit
shots,Schüsse
lucy,lucy
dealing,handeln
trap,fangen
charges,Gebühren
phil,phil
bang,Knall
poison,Gift
butt,Hintern
drove,Gefahren
yourselves,euch
headed,geleitet
babies,Babys
yellow,Gelb
soup,Suppe
mystery,Geheimnis
picking,pflücken
sat,saß
wound,Wunde
traffic,Verkehr
courage,Mut
hunt,Jagd
indian,indisch
rat,Ratte
terms,Bedingungen
italian,Italienisch
emma,Emma
checking,Überprüfung
disease,Krankheit
managed,gelang es
winner,Gewinner
council,Rat
appointment,Termin
monday,Montag
crack,Riss
threat,Gefahr
jenny,Jenny
physical,körperlich
nation,Nation
source,Quelle
chose,wählte
healthy,gesund
carl,Carl
victory,Sieg
rick,Rick
stood,stand
kicked,getreten
annie,annie
disgusting,ekelhaft
palace,Palast
below,unten
shopping,Einkaufen
neighborhood,Nachbarschaft
march,Marsch
lips,Lippen
midnight,Mitternacht
piss,Piss
advantage,Vorteil
pure,rein
india,Indien
aside,beiseite
jerk,Ruck
mail,Post
dawn,Dämmerung
effect,Wirkung
spell,Fluch
freak,Freak
wood,Holz
screwed,aufgeschmissen
enemies,Feinde
gary,gary
awake,wach
chuckling,kichert
vacation,Urlaub
violence,Gewalt
leo,Löwe
grandmother,Oma
modern,modern
luke,Luke
firm,Firma
prime,Primzahl
heh,heh
touched,berührt
talent,Talent
whore,Hure
piano,Klavier
license,Lizenz
cooking,Kochen
honour,Ehre
concern,Sorge
moves,bewegt sich
available,verfügbar
factory,Fabrik
gods,Götter
value,Wert
central,zentral
union,Union
mirror,Spiegel
studio,Studio
media,Medien
taxi,Taxi
dies,stirbt
iron,Eisen
hearts,Herzen
desire,Wunsch
rob,rauben
claire,Claire
fred,Fred
songs,Lieder
washington,Washington
monkey,Affe
pride,Stolz
pills,Pillen
miracle,Wunder
swim,schwimmen
burned,verbrannt
smells,riecht
joking,scherzen
christian,Christian
bleeding,Blutung
hook,Haken
beating,Prügel
protection,Schutz
treatment,Behandlung
ear,Ohr
carter,Fuhrmann
metal,Metall
disappear,verschwinden
grateful,dankbar
extremely,äußerst
treasure,Schatz
rescue,Rettung
capable,fähig
passing,Vorbeigehen
chatter,Geschwätz
result,Ergebnis
suffering,leiden
sisters,Schwestern
laid,gelegt
governor,Gouverneur
guards,Wachen
louis,Louis
text,Text
literally,buchstäblich
remove,entfernen
becoming,Werden
performance,Leistung
stronger,stärker
rate,Rate
deeply,tief
scream,Schrei
desert,Wüste
vehicle,Fahrzeug
illegal,illegal
pulling,ziehen
throwing,werfen
josh,Josh
unbelievable,unglaublich
ted,ted
zero,null
dean,Dean
curious,neugierig
sean,Sean
candy,Süßigkeiten
bone,Knochen
tied,gebunden
edge,Rand
load,Belastung
susan,Susan
ahh,ahh
mountains,Berge
boom,Boom
former,ehemalig
holiday,Urlaub
riding,Reiten
scoffs,spottet
hundreds,Hunderte
motherfucker,Wichser
sue,verklagen
bags,Taschen
stealing,stehlen
appears,erscheint
arrive,ankommen
remains,Überreste
decent,anständig
issues,Probleme
tip,Tipp
fail,scheitern
bride,Braut
pissed,besoffen
penny,Penny
claim,beanspruchen
friendship,Freundschaft
desperate,verzweifelt
flower,Blume
dramatic,dramatisch
refuse,verweigern
solve,lösen
theme,Thema
loving,liebend
properly,richtig
dragon,Drachen
mostly,meistens
chuck,Futter
directly,direkt
surface,Oberfläche
FALSE,FALSCH
cast,gießen
junior,Junior
hunting,Jagd
silent,still
thou,du
egg,Ei
germany,Deutschland
punch,schlagen
africa,Afrika
woke,wachte auf
intelligence,Intelligenz
borrow,ausleihen
winning,gewinnen
falls,Stürze
popular,beliebt
escaped,entkam
witch,Hexe
convinced,überzeugt
warn,warnen
announcer,Ansager
champagne,Sekt
dust,Staub
kyle,Kyle
someday,irgendwann mal
fallen,gefallen
stranger,Fremder
presence,Gegenwart
tear,Träne
st.,st.
internet,Internet
monsieur,Monsieur
therefore,daher
technology,Technologie
tires,Reifen
toast,Toast
wise,weise
clark,Clark
americans,Amerikaner
notes,Anmerkungen
smoking,Rauchen
hank,Strang
ls,ls
april,April
wolf,Wolf
precious,wertvoll
rooms,Räume
coast,Küste
treated,behandelt
material,Material
released,freigegeben
uniform,Uniform
hated,gehasst
considered,berücksichtigt
rice,Reis
exchange,Austausch
steps,Schritte
blake,Blake
convince,überzeugen
beast,Tier
cow,Kuh
files,Dateien
signs,Zeichen
drag,ziehen
cab,Taxi
hung,aufgehängt
carried,getragen
ordinary,normal
successful,erfolgreich
eve,Vorabend
mistakes,Fehler
houses,Häuser
chattering,plappern
brains,Gehirne
japan,Japan
creature,Kreatur
fourth,vierte
separate,separate
cleaning,Reinigung
california,Kalifornien
lf,lf
ll,ll
shift,Schicht
elizabeth,Elisabeth
chicago,Chicago
exact,genau
karen,Karen
goal,Ziel
expert,Experte
served,serviert
direct,Direkte
score,Punktzahl
row,Reihe
marks,Markierungen
twenty,zwanzig
receive,erhalten
series,Serie
section,Abschnitt
pilot,Pilot
jackson,Jackson
darkness,Dunkelheit
thy,deine
sale,Verkauf
destiny,Bestimmung
cure,Heilung
spoken,gesprochen
armed,bewaffnet
rare,selten
helen,Helen
grade,Grad
juice,Saft
wide,breit
tower,Turm
solution,Lösung
schedule,Zeitplan
explosion,Explosion
wheel,Rad
cigarette,Zigarette
julie,Julie
fruit,Obst
blew,geblasen
victor,Sieger
talks,Gespräche
sacrifice,opfern
range,Reichweite
button,Taste
reports,Berichte
prisoner,Häftling
pie,Kuchen
effort,Bemühung
youth,Jugend
pot,Topf
eaten,gegessen
taylor,Taylor
knees,Knie
garage,Garage
parking,Parken
ambulance,Krankenwagen
staring,starrt
chances,Chancen
circumstances,Umstände
sin,Sünde
gordon,Gordon
progress,Fortschritt
unusual,ungewöhnlich
county,Bezirk
stairs,Treppe
campaign,Kampagne
mon,Mo
vision,Vision
reporter,Reporter
equipment,Ausrüstung
moments,Momente
joey,Joey
mass,Masse
alien,Außerirdischer
trapped,gefangen
helps,hilft
route,Route
defend,verteidigen
trace,verfolgen
nasty,böse
tests,Tests
magazine,Zeitschrift
rocks,Felsen
dump,entsorgen
rude,unhöflich
searching,suchen
clue,Hinweis
connected,in Verbindung gebracht
amen,Amen
pushed,geschoben
merry,Fröhlich
zone,Zone
senior,Senior
closing,Schließen
freeze,einfrieren
emperor,Kaiser
incident,Vorfall
snake,Schlange
mexico,Mexiko
lily,Lilie
actor,Schauspieler
newspaper,Zeitung
sentence,Satz
greg,Gregor
leading,führend
friendly,freundlich
jones,Jones
chosen,gewählt
engaged,beschäftigt
julia,Julia
charming,charmant
mustn,muss
anger,Wut
spending,Ausgaben
learning,Lernen
spy,Spion
sharp,scharf
shadow,Schatten
warrant,Gewährleistung
elevator,Aufzug
kingdom,Königreich
ricky,Ricky
jamie,Jamie
squad,Kader
shoulder,Schulter
wave,Welle
amanda,Amanda
highness,Hoheit
kinds,Arten
fishing,Angeln
sometime,irgendwann
attitude,Attitüde
sucks,scheiße
negative,Negativ
screen,Bildschirm
workers,Arbeitskräfte
bored,gelangweilt
cameras,Kameras
similar,ähnlich
understanding,Verständnis
beeps,piepst
chain,Kette
bull,Stier
gasping,keuchend
fully,völlig
robin,Robin
collect,sammeln
gorgeous,wunderschön
morgan,Morgan
passion,Hingabe
writer,Schriftsteller
empire,Reich
international,International
curse,Fluch
hire,mieten
bastards,Bastarde
puts,setzt
leads,führt
id,Ausweis
blows,Schläge
sons,Söhne
estate,Anwesen
customers,Kunden
maggie,Maggie
gunshot,Schuss
i-,ich-
device,Gerät
troops,Truppen
hug,Umarmung
design,Design
movement,Bewegung
thunder,Donner
object,Objekt
loser,Verlierer
pen,Stift
sobbing,Schluchzen
politics,Politik
despite,trotz
alcohol,Alkohol
climb,steigen
clients,Kunden
conference,Konferenz
provide,bieten
marty,marty
seek,suchen
witnesses,Zeugen
earn,verdienen
trash,Müll
valley,Schlucht
fashion,Mode
howard,Howard
episode,Folge
prize,Preis
previously,vorher
sports,Sport
wanting,wollen
debt,Schulden
wishes,wünscht sich
hitler,Hitler
wire,Draht
thee,dich
circle,Kreis
approach,Ansatz
stock,Aktie
facts,Fakten
remembered,fiel ein
percent,Prozent
normally,normalerweise
tail,Schwanz
joined,beigetreten
education,Ausbildung
bravo,Bravo
library,Bibliothek
rape,vergewaltigen
wings,Flügel
growling,knurrt
thrown,geworfen
tank,Panzer
exhales,atmet aus
authority,Behörde
current,aktuell
failure,Versagen
nightmare,Alptraum
hitting,schlagen
glory,Ruhm
knocked,geklopft
studying,studieren
barry,barry
agency,Agentur
apple,Apfel
border,Grenze
rope,Seil
duck,Ente
reputation,Ruf
confidence,Vertrauen
yard,Hof
beloved,geliebten
lack,Mangel
actual,tatsächlich
skills,Fähigkeiten
films,Filme
mental,mental
salt,Salz
flesh,Fleisch
anne,Anne
secure,sicher
highly,höchst
federal,föderal
sand,Sand
emotional,emotional
setting,Einstellung
nothin,nichts
senator,Senator
services,Dienstleistungen
robbery,Raub
hates,hasst
fed,gefüttert
reward,belohnen
theater,Theater
johnson,Johnson
commit,begehen
patrick,Patrick
entirely,vollständig
extraordinary,außergewöhnlich
ships,Schiffe
opposite,Gegenteil
parties,Parteien
stands,steht
terry,Frottee
chat,Plaudern
events,Veranstaltungen
mummy,Mumie
bay,Bucht
slip,Unterhose
disappointed,enttäuscht
settled,erledigt
begins,beginnt
andrew,Andrew
alert,Alarm
detail,Detail
pink,Rosa
fellas,Kumpel
accepted,akzeptiert
background,Hintergrund
garbage,Müll
panic,Panik
minds,Köpfe
belt,Gürtel
blowing,weht
hollywood,Hollywood
agreement,Vereinbarung
jackie,Jackie
pushing,drängen
ability,Fähigkeit
tiger,Tiger
whispering,Flüstern
culture,Kultur
saint,Heilige
jesse,Jesse
task,Aufgabe
solid,solide
doll,Puppe
intend,beabsichtigen
district,Bezirk
pa,pa
gee,Mensch
custody,Gewahrsam
ignore,ignorieren
naturally,natürlich
useful,nützlich
attempt,versuchen
abandoned,verlassen
cutting,Schneiden
kissed,geküsst
guarantee,Garantie
barking,Gebell
gather,versammeln
policy,Politik
u.s.,uns.
violent,gewalttätig
maid,Dienstmädchen
embarrassing,peinlich
childhood,Kindheit
wasting,Verschwendung
bow,Bogen
chick,Küken
sara,Sara
disaster,Katastrophe
revolution,Revolution
online,online
f,F
demon,Dämon
heavily,schwer
coincidence,Zufall
perform,ausführen
thin,dünn
terrific,ausgezeichnet
mac,Mac
crown,Krone
identity,Identität
virgin,Jungfrau
impressive,beeindruckend
windows,Fenster
no-one,niemand
potential,Potenzial
guitar,Gitarre
committee,Ausschuss
dozen,Dutzend
delivery,Lieferung
advance,Vorauszahlung
quietly,ruhig
stan,Stan
teaching,Lehren
hunter,Jäger
latest,neueste
hurting,tut weh
swing,schwingen
capital,Hauptstadt
counting,Zählen
drew,zog
dirt,Schmutz
whistle,Pfeife
marie,Marie
hits,Treffer
doug,doug
deny,leugnen
urgent,dringend
threatened,bedroht
behavior,Verhalten
molly,molly
mixed,gemischt
stays,bleibt
assure,versichern
subtitles,Untertitel
explanation,Erläuterung
wins,Gewinnt
unique,einzigartig
chasing,jagend
billion,Milliarde
duke,Herzog
production,Produktion
slave,Sklave
agents,Agenten
carol,Carol
lets,Lasst uns
cruel,grausam
mask,Maske
sally,Ausfall
behave,benehmen
bury,begraben
massive,fest
pathetic,erbärmlich
species,Spezies
approaching,nähert sich
jo,jo
loan,Darlehen
struggle,Kampf
dish,Gericht
trusted,Vertrauenswürdige
jumped,sprang
firing,Brennen
channel,Kanal
abby,Abby
stopping,stoppen
asks,fragt
jean,Jeans
swimming,Baden
daily,täglich
basement,Keller
linda,Linda
quarter,Quartal
erm,ähm
bound,gebunden
navy,Marine
article,Artikel
guide,Führung
accused,beschuldigt
transfer,überweisen
guts,Innereien
quality,Qualität
fella,Kerl
roman,römisch
greater,größer
damned,verdammt
couch,Couch
cheer,jubeln
vegas,Vegas
shoe,Schuh
title,Titel
shy,schüchtern
punishment,Bestrafung
los,los
clicks,Klicks
you,Du
closet,Kleiderschrank
bye-bye,Tschüss
fever,Fieber
coward,Feigling
flash,Blitz
impressed,beeindruckt
bruce,Bruce
siren,Sirene
prisoners,Gefangene
sides,Seiten
bowl,Schüssel
katie,Katie
supply,liefern
sensitive,empfindlich
hopefully,hoffentlich
rolling,rollen
roy,Roy
dollar,Dollar
tone,Ton
voices,Stimmen
g,G
i,ich
cheating,schummeln
confess,bekennen
demand,Nachfrage
museum,Museum
unknown,Unbekannt
drama,Theater
suspicious,verdächtig
adult,Erwachsene
todd,todd
frightened,erschrocken
warned,gewarnt
steady,stetig
kills,tötet
crossed,gekreuzt
lou,Lou
particularly,insbesondere
sandwich,Sandwich
laws,Gesetze
joint,gemeinsam
bullets,Kugeln
package,Paket
trained,ausgebildet
thursday,Donnerstag
boots,Stiefel
possibility,Wahrscheinlichkeit
albert,Albert
civil,bürgerlich
june,Juni
germans,Deutsche
baseball,Baseball
express,äußern
miserable,miserabel
tuesday,Dienstag
parker,Parker
lion,Löwe
joseph,Joseph
refused,abgelehnt
shine,scheinen
assault,Angriff
hong,hong
jokes,Witze
breaks,geht kaputt
argue,argumentieren
you-,Du-
trail,Pfad
option,Möglichkeit
recall,abrufen
mighty,mächtig
collection,Sammlung
oliver,Oliver
wilson,Wilson
accent,Akzent
believes,glaubt
decisions,Entscheidungen
embarrassed,beschämt
mobile,"Handy, Mobiltelefon"
customer,Kunde
terribly,fürchterlich
sec,Sek
charity,Wohltätigkeit
considering,angesichts
pussy,Muschi
donna,Donna
protecting,beschützen
flag,Flagge
kidnapped,entführt
italy,Italien
balance,Gleichgewicht
creatures,Kreaturen
nuclear,nuklear
wallet,Geldbörse
shout,schreien
vincent,Vincent
entered,trat ein
impression,Eindruck
angela,Angela
jay,Jay
degrees,Grad
favour,favorisieren
reaction,Reaktion
network,Netzwerk
jessica,Jessica
version,Ausführung
concert,Konzert
gear,Gang
singer,Sänger
diamond,Diamant
defeat,Verlust
steven,Steven
lane,Fahrbahn
blast,Explosion
wounded,verwundet
anytime,jederzeit
partners,Partner
ages,Alter
charlotte,Charlotte
ceremony,Zeremonie
league,Liga
bars,Riegel
orange,orange
specific,Spezifisch
conditions,Bedingungen
plastic,Plastik
crisis,Krise
fifth,fünfte
term,Begriff
self,selbst
offering,Angebot
bud,Knospe
suffered,gelitten
reported,gemeldet
commissioner,Kommissar
rip,Ruhe in Frieden
mysterious,geheimnisvoll
entrance,Eingang
messed,durcheinander
tunnel,Tunnel
designed,entworfen
neighbor,Nachbar
aboard,an Bord
sweat,Schweiß
justin,Justin
ghosts,Geister
crimes,Verbrechen
costs,Kosten
deserves,verdient
dreaming,träumend
bust,Büste
el,el
teddy,Teddy
kong,Kong
messages,Mitteilungen
enjoying,genießen
afterwards,nachher
comfort,Komfort
mason,Mason
surrender,aufgeben
gym,Fitnessstudio
kitty,Kätzchen
crush,zerquetschen
yup,Jawohl
arranged,vereinbart worden
suits,Anzüge
pee,pinkeln
stress,Stress
cave,Höhle
wing,Flügel
jordan,Jordanien
arrange,arrangieren
comrade,Genosse
noble,edel
tricks,Tricks
betty,Betty
launch,Start
legend,Legende
mix,mischen
golf,Golf
imagination,Vorstellung